﻿{"name":"BootcampPowerBI","textClasses":{"callout":{"fontFace":"'Segoe UI Bold', wf_segoe-ui_bold, helvetica, arial, sans-serif","color":"#FFFFFF","fontSize":28},"title":{"fontFace":"'Segoe UI Bold', wf_segoe-ui_bold, helvetica, arial, sans-serif","color":"#FFFFFF","fontSize":9},"header":{"fontFace":"'Segoe UI', wf_segoe-ui_normal, helvetica, arial, sans-serif","color":"#FFFFFF"},"label":{"color":"#f6f6f6","fontFace":"'Segoe UI', wf_segoe-ui_normal, helvetica, arial, sans-serif","fontSize":10}},"dataColors":["#0064FF","#730E20","#FB9404","#F3F2F1","#B4BAC3","#FB9404","#30323E","#282B35"],"bad":"#B4BAC3","neutral":"#F3F2F1","good":"#730E20","minimum":"#B4BAC3","center":"#F3F2F1","maximum":"#730E20","visualStyles":{"*":{"*":{"labels":[{"show":true,"fontSize":8,"labelColor":"#F6f6f6"}],"categoryAxis":[{"show":true,"gridlineShow":false,"axisType":"Categorical","fontColorPrimary":"#FFFFFF","fontSize":8,"fontFamily":"Segoe UI","concatenateLabels":false,"showAxisTitle":false}],"valueAxis":[{"show":false,"gridlineShow":false,"showAxisTitle":false,"fontColorPrimary":"#FFFFFF"}],"outspacePane":[{"checkboxAndApplyColor":{"solid":{"color":"#4C10F2"}}}],"background":[{"transparency":100}],"visualTooltip":[{"type":"Default","titleFontColor":{"solid":{"color":"#f6f6f6"}},"valueFontColor":{"solid":{"color":"#f6f6f6"}},"background":{"solid":{"color":"#641026"}}}]}},"page":{"*":{"background":[{"color":{"solid":{"color":"#FFFFFF"}},"transparency":100}]}}},"foreground":"#000000","foregroundNeutralSecondary":"#F0EFED","foregroundNeutralTertiary":"#F0EFED","backgroundNeutral":"#F0EFED"}